Make,Model,AddedDate
"AC","3000ME",2026-05-07
"AC","Cobra",2026-05-07
"AC","Frua",2026-05-07
"Alfa","Romeo 145",2026-05-07
"Alfa","Romeo 146",2026-05-07
"Alfa","Romeo 147",2026-05-07
"Alfa","Romeo 155",2026-05-07
"Alfa","Romeo 156",2026-05-07
"Alfa","Romeo 156 Sportwagon",2026-05-07
"Alfa","Romeo 159",2026-05-07
"Alfa","Romeo 159 Sportwagon",2026-05-07
"Alfa","Romeo 164",2026-05-07
"Alfa","Romeo 166",2026-05-07
"Alfa","Romeo 33",2026-05-07
"Alfa","Romeo 33 Stradale",2026-05-07
"Alfa","Romeo 4C",2026-05-07
"Alfa","Romeo 75",2026-05-07
"Alfa","Romeo Alfasud",2026-05-07
"Alfa","Romeo Arna",2026-05-07
"Alfa","Romeo Brera",2026-05-07
"Alfa","Romeo Crosswagon",2026-05-07
"Alfa","Romeo Giulia",2026-05-07
"Alfa","Romeo Giulietta",2026-05-07
"Alfa","Romeo GT",2026-05-07
"Alfa","Romeo GTV",2026-05-07
"Alfa","Romeo MiTo",2026-05-07
"Alfa","Romeo Montreal",2026-05-07
"Alfa","Romeo Spider",2026-05-07
"Alfa","Romeo SZ",2026-05-07
"Alpine","A106",2026-05-07
"Alpine","A108",2026-05-07
"Alpine","A110",2026-05-07
"Alpine","A310",2026-05-07
"AMC","Gremlin",2026-05-07
"AMC","Hornet",2026-05-07
"Audi","100",2026-05-07
"Audi","100 Avant",2026-05-07
"Audi","100 Coupé S",2026-05-07
"Audi","50",2026-05-07
"Audi","80",2026-05-07
"Audi","80 Avant",2026-05-07
"Audi","80 Cabrio",2026-05-07
"Audi","90",2026-05-07
"Audi","920",2026-05-07
"Audi","A1",2026-05-07
"Audi","A2",2026-05-07
"Audi","A3",2026-05-07
"Audi","A3 Cabriolet",2026-05-07
"Audi","A3 Limuzina",2026-05-07
"Audi","A3 Sportback",2026-05-07
"Audi","A4",2026-05-07
"Audi","A4 Allroad",2026-05-07
"Audi","A4 Avant",2026-05-07
"Audi","A4 Cabriolet",2026-05-07
"Audi","A5",2026-05-07
"Audi","A5 Cabriolet",2026-05-07
"Audi","A5 Sportback",2026-05-07
"Audi","A6",2026-05-07
"Audi","A6 Allroad",2026-05-07
"Audi","A6 Avant",2026-05-07
"Audi","A7",2026-05-07
"Audi","A8",2026-05-07
"Audi","A8 Long",2026-05-07
"Audi","Avantissimo",2026-05-07
"Audi","Coupé",2026-05-07
"Audi","Coupé (B2)",2026-05-07
"Audi","Pikes Peak quattro",2026-05-07
"Audi","Q2",2026-05-07
"Audi","Q3",2026-05-07
"Audi","Q5",2026-05-07
"Audi","Q7",2026-05-07
"Audi","Quattro",2026-05-07
"Audi","R8",2026-05-07
"Audi","RS 2 Avant",2026-05-07
"Audi","RS 6",2026-05-07
"Audi","RS4 Cabriolet",2026-05-07
"Audi","RS4/RS4 Avant",2026-05-07
"Audi","RS5",2026-05-07
"Audi","RS6 Avant",2026-05-07
"Audi","RS7",2026-05-07
"Audi","S1",2026-05-07
"Audi","S3/S3 Sportback",2026-05-07
"Audi","S4 Cabriolet",2026-05-07
"Audi","S4/S4 Avant",2026-05-07
"Audi","S5",2026-05-07
"Audi","S5/S5 Cabriolet",2026-05-07
"Audi","S6",2026-05-07
"Audi","S6/RS6",2026-05-07
"Audi","S7",2026-05-07
"Audi","S8",2026-05-07
"Audi","Sportback concept",2026-05-07
"Audi","SQ5",2026-05-07
"Audi","Steppenwolf",2026-05-07
"Audi","TT",2026-05-07
"Audi","TT Coupé",2026-05-07
"Audi","TT Roadster",2026-05-07
"Audi","TTS",2026-05-07
"Audi","Ur-S4 / Ur-S6",2026-05-07
"Audi","V8",2026-05-07
"Austin","Allegro",2026-05-07
"Austin","Maestro",2026-05-07
"Austin","Metro",2026-05-07
"Austin","Montego",2026-05-07
"Austin-Healey","Sprite",2026-05-07
"Autobianchi","A111",2026-05-07
"Autobianchi","A112",2026-05-07
"Autobianchi","Y10",2026-05-07
"Avanti","cars (non-Studebaker)",2026-05-07
"BMC","ADO16",2026-05-07
"BMC","ADO17",2026-05-07
"BMW","3 Series",2026-05-07
"BMW","3200 CS",2026-05-07
"BMW","326",2026-05-07
"BMW","327",2026-05-07
"BMW","328",2026-05-07
"BMW","5 Series",2026-05-07
"BMW","503",2026-05-07
"BMW","507",2026-05-07
"BMW","8 Series",2026-05-07
"BMW","E9",2026-05-07
"BMW","i3",2026-05-07
"BMW","i8",2026-05-07
"BMW","M1",2026-05-07
"BMW","M3",2026-05-07
"BMW","M4",2026-05-07
"BMW","M5",2026-05-07
"BMW","M6",2026-05-07
"BMW","New Class",2026-05-07
"BMW","New Class coupé",2026-05-07
"BMW","Rad 1",2026-05-07
"BMW","Rad 1 Cabrio",2026-05-07
"BMW","Rad 1 Coupé",2026-05-07
"BMW","Rad 2",2026-05-07
"BMW","Rad 2 Active Tourer",2026-05-07
"BMW","Rad 2 Coupé",2026-05-07
"BMW","Rad 2 Gran Tourer",2026-05-07
"BMW","Rad 3",2026-05-07
"BMW","Rad 3 Cabrio",2026-05-07
"BMW","Rad 3 Compact",2026-05-07
"BMW","Rad 3 Coupé",2026-05-07
"BMW","Rad 3 GT",2026-05-07
"BMW","Rad 3 Touring",2026-05-07
"BMW","Rad 4",2026-05-07
"BMW","Rad 4 Cabrio",2026-05-07
"BMW","Rad 4 Gran Coupé",2026-05-07
"BMW","Rad 5",2026-05-07
"BMW","Rad 5 GT",2026-05-07
"BMW","Rad 5 Touring",2026-05-07
"BMW","Rad 6",2026-05-07
"BMW","Rad 6 Cabrio",2026-05-07
"BMW","Rad 6 Coupé",2026-05-07
"BMW","Rad 6 Gran Coupé",2026-05-07
"BMW","Rad 7",2026-05-07
"BMW","Rad 8 Coupé",2026-05-07
"BMW","X1",2026-05-07
"BMW","X3",2026-05-07
"BMW","X4",2026-05-07
"BMW","X5",2026-05-07
"BMW","X6",2026-05-07
"BMW","Z1",2026-05-07
"BMW","Z3",2026-05-07
"BMW","Z3 Coupé",2026-05-07
"BMW","Z3 Roadster",2026-05-07
"BMW","Z4",2026-05-07
"BMW","Z4 Roadster",2026-05-07
"BMW","Z8 (E52)",2026-05-07
"Bugatti","EB110",2026-05-07
"Bugatti","Royale",2026-05-07
"Bugatti","Type 101",2026-05-07
"Bugatti","Type 18",2026-05-07
"Bugatti","Type 30",2026-05-07
"Bugatti","Type 35",2026-05-07
"Bugatti","Type 38",2026-05-07
"Bugatti","Type 39",2026-05-07
"Bugatti","Type 40",2026-05-07
"Bugatti","Type 50",2026-05-07
"Bugatti","Type 51",2026-05-07
"Bugatti","Type 55",2026-05-07
"Bugatti","Type 57",2026-05-07
"Bugatti","Veyron",2026-05-07
"Buick","Apollo",2026-05-07
"Buick","Centurion",2026-05-07
"Buick","Electra",2026-05-07
"Buick","Invicta",2026-05-07
"Buick","LeSabre",2026-05-07
"Buick","Riviera",2026-05-07
"Buick","Special",2026-05-07
"Buick","Wildcat",2026-05-07
"BYD","e6",2026-05-07
"BYD","F3DM",2026-05-07
"BYD","Qin",2026-05-07
"BYD","Tang",2026-05-07
"Cadillac","Allanté",2026-05-07
"Cadillac","Cimarron",2026-05-07
"Cadillac","De Ville",2026-05-07
"Cadillac","ELR",2026-05-07
"Checker","Marathon",2026-05-07
"Chevrolet","Alero",2026-05-07
"Chevrolet","Aveo",2026-05-07
"Chevrolet","Camaro",2026-05-07
"Chevrolet","Caprice",2026-05-07
"Chevrolet","Captiva",2026-05-07
"Chevrolet","Cavalier",2026-05-07
"Chevrolet","Citation",2026-05-07
"Chevrolet","Corvair",2026-05-07
"Chevrolet","Corvette",2026-05-07
"Chevrolet","Cruze",2026-05-07
"Chevrolet","Cruze SW",2026-05-07
"Chevrolet","Epica",2026-05-07
"Chevrolet","Equinox",2026-05-07
"Chevrolet","Evanda",2026-05-07
"Chevrolet","HHR",2026-05-07
"Chevrolet","Impala",2026-05-07
"Chevrolet","Kalos",2026-05-07
"Chevrolet","Lacetti",2026-05-07
"Chevrolet","Lacetti SW",2026-05-07
"Chevrolet","Lumina",2026-05-07
"Chevrolet","Malibu",2026-05-07
"Chevrolet","Matiz",2026-05-07
"Chevrolet","Monte Carlo",2026-05-07
"Chevrolet","Monza",2026-05-07
"Chevrolet","Nubira",2026-05-07
"Chevrolet","Opala",2026-05-07
"Chevrolet","Orlando",2026-05-07
"Chevrolet","Spark",2026-05-07
"Chevrolet","Suburban",2026-05-07
"Chevrolet","Tacuma",2026-05-07
"Chevrolet","Tahoe",2026-05-07
"Chevrolet","Trax",2026-05-07
"Chevrolet","Vega",2026-05-07
"Chevrolet","Volt",2026-05-07
"Chrysler","300 C",2026-05-07
"Chrysler","300 C Touring",2026-05-07
"Chrysler","300 M",2026-05-07
"Chrysler","Crossfire",2026-05-07
"Chrysler","Grand Voyager",2026-05-07
"Chrysler","LHS",2026-05-07
"Chrysler","minivans",2026-05-07
"Chrysler","Neon",2026-05-07
"Chrysler","Newport",2026-05-07
"Chrysler","Pacifica",2026-05-07
"Chrysler","Plymouth",2026-05-07
"Chrysler","PT Cruiser",2026-05-07
"Chrysler","Sebring",2026-05-07
"Chrysler","Sebring Convertible",2026-05-07
"Chrysler","Stratus",2026-05-07
"Chrysler","Stratus Cabrio",2026-05-07
"Chrysler","TC by Maserati",2026-05-07
"Chrysler","Town & Country",2026-05-07
"Chrysler","Voyager",2026-05-07
"Citroën","2CV",2026-05-07
"Citroën","Berlingo",2026-05-07
"Citroën","C-Crosser",2026-05-07
"Citroën","C-Elissée",2026-05-07
"Citroën","C-Zero",2026-05-07
"Citroën","C1",2026-05-07
"Citroën","C2",2026-05-07
"Citroën","C3",2026-05-07
"Citroën","C3 Picasso",2026-05-07
"Citroën","C4",2026-05-07
"Citroën","C4 Aircross",2026-05-07
"Citroën","C4 Cactus",2026-05-07
"Citroën","C4 Coupé",2026-05-07
"Citroën","C4 Grand Picasso",2026-05-07
"Citroën","C4 Sedan",2026-05-07
"Citroën","C5",2026-05-07
"Citroën","C5 Break",2026-05-07
"Citroën","C5 Tourer",2026-05-07
"Citroën","C6",2026-05-07
"Citroën","C8",2026-05-07
"Citroën","DS",2026-05-07
"Citroën","DS3",2026-05-07
"Citroën","DS4",2026-05-07
"Citroën","DS5",2026-05-07
"Citroën","Evasion",2026-05-07
"Citroën","Jumper",2026-05-07
"Citroën","Jumpy",2026-05-07
"Citroën","Nemo",2026-05-07
"Citroën","Saxo",2026-05-07
"Citroën","Xantia",2026-05-07
"Citroën","Xsara",2026-05-07
"Continental","Mark II",2026-05-07
"Dacia","Dokker",2026-05-07
"Dacia","Duster",2026-05-07
"Dacia","Lodgy",2026-05-07
"Dacia","Logan",2026-05-07
"Dacia","Logan MCV",2026-05-07
"Dacia","Logan Van",2026-05-07
"Dacia","Sandero",2026-05-07
"Dacia","Solenza",2026-05-07
"Daewoo","Espero",2026-05-07
"Daewoo","Kalos",2026-05-07
"Daewoo","Lacetti",2026-05-07
"Daewoo","Lanos",2026-05-07
"Daewoo","Leganza",2026-05-07
"Daewoo","Lublin",2026-05-07
"Daewoo","Matiz",2026-05-07
"Daewoo","Nexia",2026-05-07
"Daewoo","Nubira",2026-05-07
"Daewoo","Nubira kombi",2026-05-07
"Daewoo","Racer",2026-05-07
"Daewoo","Tacuma",2026-05-07
"Daewoo","Tico",2026-05-07
"Daihatsu","Copen",2026-05-07
"De","Tomaso Deauville",2026-05-07
"De","Tomaso Guarà",2026-05-07
"De","Tomaso Longchamp",2026-05-07
"De","Tomaso Mangusta",2026-05-07
"De","Tomaso Pantera",2026-05-07
"De","Tomaso Vallelunga",2026-05-07
"DeLorean","DMC-12",2026-05-07
"DeSoto","Custom",2026-05-07
"Dino","(automobile)",2026-05-07
"Dodge","Aries",2026-05-07
"Dodge","Avenger",2026-05-07
"Dodge","Caliber",2026-05-07
"Dodge","Challenger",2026-05-07
"Dodge","Charger",2026-05-07
"Dodge","Coronet",2026-05-07
"Dodge","Grand Caravan",2026-05-07
"Dodge","Journey",2026-05-07
"Dodge","Magnum",2026-05-07
"Dodge","Nitro",2026-05-07
"Dodge","RAM",2026-05-07
"Dodge","Stealth",2026-05-07
"Dodge","Viper",2026-05-07
"Eagle","Talon",2026-05-07
"Edsel","Bermuda",2026-05-07
"Edsel","Citation",2026-05-07
"Edsel","Corsair",2026-05-07
"Edsel","Pacer",2026-05-07
"Edsel","Ranger",2026-05-07
"Edsel","Roundup",2026-05-07
"Edsel","Villager",2026-05-07
"Enzo","Ferrari (automobile)",2026-05-07
"Excalibur","(automobile)",2026-05-07
"Facel","Vega Excellence",2026-05-07
"Facel","Vega Facel II",2026-05-07
"Facel","Vega FVS",2026-05-07
"Ferrari","166 S",2026-05-07
"Ferrari","250",2026-05-07
"Ferrari","250 GT Lusso",2026-05-07
"Ferrari","250 GTO",2026-05-07
"Ferrari","275",2026-05-07
"Ferrari","288 GTO",2026-05-07
"Ferrari","308 GTB/GTS",2026-05-07
"Ferrari","333 SP",2026-05-07
"Ferrari","348",2026-05-07
"Ferrari","360",2026-05-07
"Ferrari","456",2026-05-07
"Ferrari","512",2026-05-07
"Ferrari","550",2026-05-07
"Ferrari","575M Maranello",2026-05-07
"Ferrari","Berlinetta Boxer",2026-05-07
"Ferrari","Daytona",2026-05-07
"Ferrari","F355",2026-05-07
"Ferrari","F40",2026-05-07
"Ferrari","F430",2026-05-07
"Ferrari","F50",2026-05-07
"Ferrari","FF",2026-05-07
"Ferrari","Mondial",2026-05-07
"Ferrari","Testarossa",2026-05-07
"Fiat","1100",2026-05-07
"Fiat","124",2026-05-07
"Fiat","126",2026-05-07
"Fiat","127",2026-05-07
"Fiat","131",2026-05-07
"Fiat","500",2026-05-07
"Fiat","500L",2026-05-07
"Fiat","500X",2026-05-07
"Fiat","850",2026-05-07
"Fiat","Barchetta",2026-05-07
"Fiat","Brava",2026-05-07
"Fiat","Cinquecento",2026-05-07
"Fiat","Coupé",2026-05-07
"Fiat","Croma",2026-05-07
"Fiat","Doblo",2026-05-07
"Fiat","Doblo Cargo",2026-05-07
"Fiat","Doblo Cargo Combi",2026-05-07
"Fiat","Ducato",2026-05-07
"Fiat","Ducato Kombi",2026-05-07
"Fiat","Ducato Podvozok",2026-05-07
"Fiat","Ducato Van",2026-05-07
"Fiat","Florino",2026-05-07
"Fiat","Florino Combi",2026-05-07
"Fiat","Freemont",2026-05-07
"Fiat","Grande Punto",2026-05-07
"Fiat","Idea",2026-05-07
"Fiat","Linea",2026-05-07
"Fiat","Marea",2026-05-07
"Fiat","Marea Weekend",2026-05-07
"Fiat","Multipla",2026-05-07
"Fiat","Palio Weekend",2026-05-07
"Fiat","Panda",2026-05-07
"Fiat","Panda Van",2026-05-07
"Fiat","Punto",2026-05-07
"Fiat","Punto Cabriolet",2026-05-07
"Fiat","Punto Evo",2026-05-07
"Fiat","Punto Van",2026-05-07
"Fiat","Qubo",2026-05-07
"Fiat","Scudo",2026-05-07
"Fiat","Scudo Kombi",2026-05-07
"Fiat","Scudo Van",2026-05-07
"Fiat","Sedici",2026-05-07
"Fiat","Seicento",2026-05-07
"Fiat","Stilo",2026-05-07
"Fiat","Stilo Multiwagon",2026-05-07
"Fiat","Strada",2026-05-07
"Fiat","Talento",2026-05-07
"Fiat","Tipo",2026-05-07
"Fiat","Ulysse",2026-05-07
"Fiat","Uno",2026-05-07
"Fiat","X1/9",2026-05-07
"Fisker","Karma",2026-05-07
"Ford","Aerostar",2026-05-07
"Ford","B-Max",2026-05-07
"Ford","C-Max",2026-05-07
"Ford","CE14 platform",2026-05-07
"Ford","Cortina",2026-05-07
"Ford","Cougar",2026-05-07
"Ford","Crown Victoria",2026-05-07
"Ford","D186 platform",2026-05-07
"Ford","E-Series",2026-05-07
"Ford","Edge",2026-05-07
"Ford","Escort",2026-05-07
"Ford","Escort (Europe)",2026-05-07
"Ford","Escort Cabrio",2026-05-07
"Ford","Escort kombi",2026-05-07
"Ford","Explorer",2026-05-07
"Ford","F-150",2026-05-07
"Ford","F-250",2026-05-07
"Ford","F-Series",2026-05-07
"Ford","Falcon (Australia)",2026-05-07
"Ford","Fiesta",2026-05-07
"Ford","Focus",2026-05-07
"Ford","Focus C-Max",2026-05-07
"Ford","Focus CC",2026-05-07
"Ford","Focus kombi",2026-05-07
"Ford","Fusion",2026-05-07
"Ford","Galaxy",2026-05-07
"Ford","Granada (North America)",2026-05-07
"Ford","Grand C-Max",2026-05-07
"Ford","GT",2026-05-07
"Ford","Ka",2026-05-07
"Ford","Kuga",2026-05-07
"Ford","LTD (Americas)",2026-05-07
"Ford","Maverick",2026-05-07
"Ford","Model A (1927-1931)",2026-05-07
"Ford","Model T",2026-05-07
"Ford","Mondeo",2026-05-07
"Ford","Mondeo Combi",2026-05-07
"Ford","Mustang",2026-05-07
"Ford","Orion",2026-05-07
"Ford","Puma",2026-05-07
"Ford","Ranchero",2026-05-07
"Ford","Ranger",2026-05-07
"Ford","RS200",2026-05-07
"Ford","S-Max",2026-05-07
"Ford","Sierra",2026-05-07
"Ford","Street Ka",2026-05-07
"Ford","Taurus",2026-05-07
"Ford","Tempo",2026-05-07
"Ford","Thunderbird",2026-05-07
"Ford","Tourneo Connect",2026-05-07
"Ford","Tourneo Custom",2026-05-07
"Ford","Transit",2026-05-07
"Ford","Transit Bus",2026-05-07
"Ford","Transit Connect LWB",2026-05-07
"Ford","Transit Courier",2026-05-07
"Ford","Transit Custom",2026-05-07
"Ford","Transit kombi",2026-05-07
"Ford","Transit Tourneo",2026-05-07
"Ford","Transit Valnik",2026-05-07
"Ford","Transit Van",2026-05-07
"Ford","Transit Van 350",2026-05-07
"Ford","Windstar",2026-05-07
"Frazer","(automobile)",2026-05-07
"FSO","Polonez",2026-05-07
"GM","A platform (RWD)",2026-05-07
"GM","B platform",2026-05-07
"GM","D platform",2026-05-07
"GM","J platform",2026-05-07
"GM","W platform",2026-05-07
"Henry","J",2026-05-07
"Hindustan","Ambassador",2026-05-07
"Holden","Commodore",2026-05-07
"Honda","Accord",2026-05-07
"Honda","Accord Coupé",2026-05-07
"Honda","Accord Tourer",2026-05-07
"Honda","Beat",2026-05-07
"Honda","City",2026-05-07
"Honda","Civic",2026-05-07
"Honda","Civic Aerodeck",2026-05-07
"Honda","Civic Coupé",2026-05-07
"Honda","Civic Tourer",2026-05-07
"Honda","Civic Type R",2026-05-07
"Honda","CR-V",2026-05-07
"Honda","CR-X",2026-05-07
"Honda","CR-Z",2026-05-07
"Honda","Fit",2026-05-07
"Honda","FR-V",2026-05-07
"Honda","HR-V",2026-05-07
"Honda","Insight",2026-05-07
"Honda","Integra",2026-05-07
"Honda","Jazz",2026-05-07
"Honda","Legend",2026-05-07
"Honda","NSX",2026-05-07
"Honda","Prelude",2026-05-07
"Honda","S2000",2026-05-07
"Honda","S500",2026-05-07
"Honda","S600",2026-05-07
"Honda","S800",2026-05-07
"Hudson","Motor Car Company",2026-05-07
"Hummer","H2",2026-05-07
"Hummer","H3",2026-05-07
"Hyundai","Accent",2026-05-07
"Hyundai","Atos",2026-05-07
"Hyundai","Atos Prime",2026-05-07
"Hyundai","Coupé",2026-05-07
"Hyundai","Elantra",2026-05-07
"Hyundai","Galloper",2026-05-07
"Hyundai","Genesis",2026-05-07
"Hyundai","Getz",2026-05-07
"Hyundai","Grandeur",2026-05-07
"Hyundai","H 350",2026-05-07
"Hyundai","H1",2026-05-07
"Hyundai","H1 Bus",2026-05-07
"Hyundai","H1 Van",2026-05-07
"Hyundai","H200",2026-05-07
"Hyundai","i10",2026-05-07
"Hyundai","i20",2026-05-07
"Hyundai","i30",2026-05-07
"Hyundai","i30 CW",2026-05-07
"Hyundai","i40",2026-05-07
"Hyundai","i40 CW",2026-05-07
"Hyundai","ix20",2026-05-07
"Hyundai","ix35",2026-05-07
"Hyundai","ix55",2026-05-07
"Hyundai","Lantra",2026-05-07
"Hyundai","Matrix",2026-05-07
"Hyundai","Santa Fe",2026-05-07
"Hyundai","Sonata",2026-05-07
"Hyundai","Terracan",2026-05-07
"Hyundai","Trajet",2026-05-07
"Hyundai","Tucson",2026-05-07
"Hyundai","Veloster",2026-05-07
"Imperial","(automobile)",2026-05-07
"Infiniti","EX",2026-05-07
"Infiniti","FX",2026-05-07
"Infiniti","G",2026-05-07
"Infiniti","G Coupé",2026-05-07
"Infiniti","M",2026-05-07
"Infiniti","Q",2026-05-07
"Infiniti","QX",2026-05-07
"Jaguar","C-Type",2026-05-07
"Jaguar","D-Type",2026-05-07
"Jaguar","Daimler",2026-05-07
"Jaguar","E-Type",2026-05-07
"Jaguar","F-Pace",2026-05-07
"Jaguar","F-Type",2026-05-07
"Jaguar","Mark 1",2026-05-07
"Jaguar","Mark 2",2026-05-07
"Jaguar","S-Type",2026-05-07
"Jaguar","Sovereign",2026-05-07
"Jaguar","SS100",2026-05-07
"Jaguar","X-Type",2026-05-07
"Jaguar","X-type Estate",2026-05-07
"Jaguar","XE",2026-05-07
"Jaguar","XF",2026-05-07
"Jaguar","XJ",2026-05-07
"Jaguar","XJ12",2026-05-07
"Jaguar","XJ220",2026-05-07
"Jaguar","XJ6",2026-05-07
"Jaguar","XJ8",2026-05-07
"Jaguar","XJR",2026-05-07
"Jaguar","XJR-15",2026-05-07
"Jaguar","XJS",2026-05-07
"Jaguar","XK",2026-05-07
"Jaguar","XK120",2026-05-07
"Jaguar","XK150",2026-05-07
"Jaguar","XK8 Convertible",2026-05-07
"Jaguar","XKR",2026-05-07
"Jaguar","XKR Convertible",2026-05-07
"Jeep","Cherokee",2026-05-07
"Jeep","Cherokee (KL)",2026-05-07
"Jeep","Cherokee (XJ)",2026-05-07
"Jeep","CJ",2026-05-07
"Jeep","Commander",2026-05-07
"Jeep","Compass",2026-05-07
"Jeep","Grand Cherokee",2026-05-07
"Jeep","Patriot",2026-05-07
"Jeep","Renegade",2026-05-07
"Jeep","Renegade (BU)",2026-05-07
"Jeep","Wrangler",2026-05-07
"Jensen","Interceptor",2026-05-07
"Kaiser","Motors",2026-05-07
"Kia","Avella",2026-05-07
"Kia","Besta",2026-05-07
"Kia","Carens",2026-05-07
"Kia","Carnival",2026-05-07
"Kia","Cee`d",2026-05-07
"Kia","Cee`d SW",2026-05-07
"Kia","Cerato",2026-05-07
"Kia","K 2500",2026-05-07
"Kia","Magentis",2026-05-07
"Kia","Opirus",2026-05-07
"Kia","Optima",2026-05-07
"Kia","Picanto",2026-05-07
"Kia","Pregio",2026-05-07
"Kia","Pride",2026-05-07
"Kia","Pro Cee`d",2026-05-07
"Kia","Rio",2026-05-07
"Kia","Rio Combi",2026-05-07
"Kia","Rio sedan",2026-05-07
"Kia","Sephia",2026-05-07
"Kia","Shuma",2026-05-07
"Kia","Sorento",2026-05-07
"Kia","Soul",2026-05-07
"Kia","Sportage",2026-05-07
"Kia","Venga",2026-05-07
"La","Marquise",2026-05-07
"Lada","Riva",2026-05-07
"Lagonda","16/80",2026-05-07
"Lagonda","2.6-Litre",2026-05-07
"Lagonda","3-Litre",2026-05-07
"Lagonda","Rapide",2026-05-07
"Lagonda","Rapier",2026-05-07
"Lagonda","V12",2026-05-07
"Lamborghini","350GT",2026-05-07
"Lamborghini","400GT",2026-05-07
"Lamborghini","Aventador",2026-05-07
"Lamborghini","Countach",2026-05-07
"Lamborghini","Diablo",2026-05-07
"Lamborghini","Espada",2026-05-07
"Lamborghini","Gallardo",2026-05-07
"Lamborghini","Huracán",2026-05-07
"Lamborghini","Islero",2026-05-07
"Lamborghini","Jalpa",2026-05-07
"Lamborghini","Jarama",2026-05-07
"Lamborghini","LM002",2026-05-07
"Lamborghini","Miura",2026-05-07
"Lamborghini","Murciélago",2026-05-07
"Lamborghini","Reventón",2026-05-07
"Lamborghini","Silhouette",2026-05-07
"Lamborghini","Urraco",2026-05-07
"Lancia","Dedra",2026-05-07
"Lancia","Montecarlo",2026-05-07
"Lancia","Stratos",2026-05-07
"Lancia","Ypsilon",2026-05-07
"Land","Rover 109",2026-05-07
"Land","Rover Defender",2026-05-07
"Land","Rover Discovery",2026-05-07
"Land","Rover Discovery Sport",2026-05-07
"Land","Rover Freelander",2026-05-07
"Land","Rover Range Rover",2026-05-07
"Land","Rover Range Rover Evoque",2026-05-07
"Land","Rover Range Rover Sport",2026-05-07
"Lexus","CT",2026-05-07
"Lexus","GS",2026-05-07
"Lexus","GS 300",2026-05-07
"Lexus","GX",2026-05-07
"Lexus","IS",2026-05-07
"Lexus","IS 200",2026-05-07
"Lexus","IS 250 C",2026-05-07
"Lexus","IS-F",2026-05-07
"Lexus","LFA",2026-05-07
"Lexus","LS",2026-05-07
"Lexus","LX",2026-05-07
"Lexus","NX",2026-05-07
"Lexus","RC F",2026-05-07
"Lexus","RX",2026-05-07
"Lexus","RX 300",2026-05-07
"Lexus","RX 400h",2026-05-07
"Lexus","RX 450h",2026-05-07
"Lexus","SC 430",2026-05-07
"Lincoln","Continental",2026-05-07
"Lincoln","Town Car",2026-05-07
"Lincoln","Versailles",2026-05-07
"Lola","T70",2026-05-07
"Lotus","Elise",2026-05-07
"Maruti","800",2026-05-07
"Maserati","Biturbo",2026-05-07
"Maserati","MC12",2026-05-07
"Matra","Rancho",2026-05-07
"Maybach","57 and 62",2026-05-07
"Mazda","121",2026-05-07
"Mazda","2",2026-05-07
"Mazda","3",2026-05-07
"Mazda","323",2026-05-07
"Mazda","323 Combi",2026-05-07
"Mazda","323 Coupé",2026-05-07
"Mazda","323 F",2026-05-07
"Mazda","5",2026-05-07
"Mazda","6",2026-05-07
"Mazda","6 Combi",2026-05-07
"Mazda","626",2026-05-07
"Mazda","626 Combi",2026-05-07
"Mazda","B-Fighter",2026-05-07
"Mazda","B2500",2026-05-07
"Mazda","BT",2026-05-07
"Mazda","CX-3",2026-05-07
"Mazda","CX-5",2026-05-07
"Mazda","CX-7",2026-05-07
"Mazda","CX-9",2026-05-07
"Mazda","Demio",2026-05-07
"Mazda","Familia",2026-05-07
"Mazda","MPV",2026-05-07
"Mazda","MX-3",2026-05-07
"Mazda","MX-5",2026-05-07
"Mazda","MX-6",2026-05-07
"Mazda","Premacy",2026-05-07
"Mazda","R360",2026-05-07
"Mazda","RX-7",2026-05-07
"Mazda","RX-8",2026-05-07
"Mazda","Xedox 6",2026-05-07
"McLaren","12C",2026-05-07
"McLaren","F1",2026-05-07
"McLaren","P1",2026-05-07
"Mercedes-Benz","100 D",2026-05-07
"Mercedes-Benz","115",2026-05-07
"Mercedes-Benz","124",2026-05-07
"Mercedes-Benz","126",2026-05-07
"Mercedes-Benz","190",2026-05-07
"Mercedes-Benz","190 D",2026-05-07
"Mercedes-Benz","190 E",2026-05-07
"Mercedes-Benz","200 - 300",2026-05-07
"Mercedes-Benz","200 D",2026-05-07
"Mercedes-Benz","200 E",2026-05-07
"Mercedes-Benz","210 kombi",2026-05-07
"Mercedes-Benz","210 Van",2026-05-07
"Mercedes-Benz","230 - 300 CE Coupé",2026-05-07
"Mercedes-Benz","260 - 560 SE",2026-05-07
"Mercedes-Benz","260 - 560 SEL",2026-05-07
"Mercedes-Benz","310 kombi",2026-05-07
"Mercedes-Benz","310 Van",2026-05-07
"Mercedes-Benz","500 - 600 SEC Coupé",2026-05-07
"Mercedes-Benz","A",2026-05-07
"Mercedes-Benz","A L",2026-05-07
"Mercedes-Benz","AMG GT",2026-05-07
"Mercedes-Benz","C",2026-05-07
"Mercedes-Benz","C Sportcoupé",2026-05-07
"Mercedes-Benz","C T",2026-05-07
"Mercedes-Benz","C-Class",2026-05-07
"Mercedes-Benz","Citan",2026-05-07
"Mercedes-Benz","CL",2026-05-07
"Mercedes-Benz","CLA",2026-05-07
"Mercedes-Benz","CLC",2026-05-07
"Mercedes-Benz","CLK Cabrio",2026-05-07
"Mercedes-Benz","CLK Coupé",2026-05-07
"Mercedes-Benz","CLK GTR",2026-05-07
"Mercedes-Benz","CLS",2026-05-07
"Mercedes-Benz","E",2026-05-07
"Mercedes-Benz","E Cabrio",2026-05-07
"Mercedes-Benz","E Coupé",2026-05-07
"Mercedes-Benz","E T",2026-05-07
"Mercedes-Benz","G Cabrio",2026-05-07
"Mercedes-Benz","GL",2026-05-07
"Mercedes-Benz","GLA",2026-05-07
"Mercedes-Benz","GLC",2026-05-07
"Mercedes-Benz","GLE",2026-05-07
"Mercedes-Benz","GLK",2026-05-07
"Mercedes-Benz","MB 100",2026-05-07
"Mercedes-Benz","S",2026-05-07
"Mercedes-Benz","S Coupé",2026-05-07
"Mercedes-Benz","S-Class",2026-05-07
"Mercedes-Benz","SL",2026-05-07
"Mercedes-Benz","SL-Class",2026-05-07
"Mercedes-Benz","SLC",2026-05-07
"Mercedes-Benz","SLK",2026-05-07
"Mercedes-Benz","SLR",2026-05-07
"Mercedes-Benz","SLR McLaren",2026-05-07
"Mercedes-Benz","Sprinter",2026-05-07
"Mercedes-Benz","Trieda A",2026-05-07
"Mercedes-Benz","Trieda B",2026-05-07
"Mercedes-Benz","Trieda C",2026-05-07
"Mercedes-Benz","Trieda E",2026-05-07
"Mercedes-Benz","Trieda G",2026-05-07
"Mercedes-Benz","Trieda M",2026-05-07
"Mercedes-Benz","Trieda R",2026-05-07
"Mercedes-Benz","Trieda S",2026-05-07
"Mercedes-Benz","W123",2026-05-07
"Mercedes-Benz","W201",2026-05-07
"Mercury","Grand Marquis",2026-05-07
"Mercury","Monarch",2026-05-07
"Mercury","Monterey",2026-05-07
"Mercury","Sable",2026-05-07
"Messerschmitt","KR175",2026-05-07
"Messerschmitt","KR200",2026-05-07
"MG","F / MG TF",2026-05-07
"MG","MGB",2026-05-07
"MG","Midget",2026-05-07
"MG","XPower SV",2026-05-07
"MINI","Cooper",2026-05-07
"MINI","Cooper Cabrio",2026-05-07
"MINI","Cooper Clubman",2026-05-07
"MINI","Cooper D",2026-05-07
"MINI","Cooper D Clubman",2026-05-07
"MINI","Cooper S",2026-05-07
"MINI","Cooper S Cabrio",2026-05-07
"MINI","Cooper S Clubman",2026-05-07
"MINI","Countryman",2026-05-07
"MINI","Mini One",2026-05-07
"MINI","One D",2026-05-07
"Mitsubishi","3000 GT",2026-05-07
"Mitsubishi","ASX",2026-05-07
"Mitsubishi","Carisma",2026-05-07
"Mitsubishi","Colt",2026-05-07
"Mitsubishi","Colt CC",2026-05-07
"Mitsubishi","Eclipse",2026-05-07
"Mitsubishi","Fuso canter",2026-05-07
"Mitsubishi","Galant",2026-05-07
"Mitsubishi","Galant Combi",2026-05-07
"Mitsubishi","Grandis",2026-05-07
"Mitsubishi","GTO",2026-05-07
"Mitsubishi","L200",2026-05-07
"Mitsubishi","L200 Pick up",2026-05-07
"Mitsubishi","L200 Pick up Allrad",2026-05-07
"Mitsubishi","L300",2026-05-07
"Mitsubishi","Lancer",2026-05-07
"Mitsubishi","Lancer Combi",2026-05-07
"Mitsubishi","Lancer Evo",2026-05-07
"Mitsubishi","Lancer Sportback",2026-05-07
"Mitsubishi","Outlander",2026-05-07
"Mitsubishi","Pajero",2026-05-07
"Mitsubishi","Pajero Pinin Wagon",2026-05-07
"Mitsubishi","Pajero Sport",2026-05-07
"Mitsubishi","Pajero Wagon",2026-05-07
"Mitsubishi","Pajeto Pinin",2026-05-07
"Mitsubishi","Space Star",2026-05-07
"Morris","Ital",2026-05-07
"Morris","Marina",2026-05-07
"Morris","Minor",2026-05-07
"Nash","Statesman",2026-05-07
"Nissan","100 NX",2026-05-07
"Nissan","200 SX",2026-05-07
"Nissan","350 Z",2026-05-07
"Nissan","350 Z Roadster",2026-05-07
"Nissan","370 Z",2026-05-07
"Nissan","Almera",2026-05-07
"Nissan","Almera Tino",2026-05-07
"Nissan","Be-1",2026-05-07
"Nissan","Cabstar E - T",2026-05-07
"Nissan","Cabstar TL2 Valnik",2026-05-07
"Nissan","e-NV200",2026-05-07
"Nissan","Figaro",2026-05-07
"Nissan","GT-R",2026-05-07
"Nissan","Insterstar",2026-05-07
"Nissan","Juke",2026-05-07
"Nissan","King Cab",2026-05-07
"Nissan","Leaf",2026-05-07
"Nissan","March",2026-05-07
"Nissan","Maxima",2026-05-07
"Nissan","Maxima QX",2026-05-07
"Nissan","Micra",2026-05-07
"Nissan","Murano",2026-05-07
"Nissan","Navara",2026-05-07
"Nissan","Note",2026-05-07
"Nissan","NP300 Pickup",2026-05-07
"Nissan","NV200",2026-05-07
"Nissan","NV400",2026-05-07
"Nissan","Pathfinder",2026-05-07
"Nissan","Patrol",2026-05-07
"Nissan","Patrol GR",2026-05-07
"Nissan","Pickup",2026-05-07
"Nissan","Pixo",2026-05-07
"Nissan","Primastar",2026-05-07
"Nissan","Primastar Combi",2026-05-07
"Nissan","Primera",2026-05-07
"Nissan","Primera Combi",2026-05-07
"Nissan","Pulsar",2026-05-07
"Nissan","Qashqai",2026-05-07
"Nissan","S-Cargo",2026-05-07
"Nissan","Serena",2026-05-07
"Nissan","Sunny",2026-05-07
"Nissan","Terrano",2026-05-07
"Nissan","Tiida",2026-05-07
"Nissan","Trade",2026-05-07
"Nissan","Vanette Cargo",2026-05-07
"Nissan","X-Trail",2026-05-07
"Nissan","Z-car",2026-05-07
"Oldsmobile","88",2026-05-07
"Oldsmobile","Aurora",2026-05-07
"Oldsmobile","Cutlass",2026-05-07
"Opel","Agila",2026-05-07
"Opel","Ampera",2026-05-07
"Opel","Antara",2026-05-07
"Opel","Ascona",2026-05-07
"Opel","Astra",2026-05-07
"Opel","Astra cabrio",2026-05-07
"Opel","Astra caravan",2026-05-07
"Opel","Astra coupé",2026-05-07
"Opel","Calibra",2026-05-07
"Opel","Campo",2026-05-07
"Opel","Cascada",2026-05-07
"Opel","Corsa",2026-05-07
"Opel","Frontera",2026-05-07
"Opel","Insignia",2026-05-07
"Opel","Insignia kombi",2026-05-07
"Opel","Kadett",2026-05-07
"Opel","Meriva",2026-05-07
"Opel","Mokka",2026-05-07
"Opel","Movano",2026-05-07
"Opel","Omega",2026-05-07
"Opel","Signum",2026-05-07
"Opel","Vectra",2026-05-07
"Opel","Vectra Caravan",2026-05-07
"Opel","Vivaro",2026-05-07
"Opel","Vivaro Kombi",2026-05-07
"Opel","Zafira",2026-05-07
"Pagani","Huayra",2026-05-07
"Panoz","Esperante",2026-05-07
"Panoz","Roadster",2026-05-07
"Peel","P50",2026-05-07
"Peel","Trident",2026-05-07
"Peugeot","1007",2026-05-07
"Peugeot","106",2026-05-07
"Peugeot","107",2026-05-07
"Peugeot","108",2026-05-07
"Peugeot","2008",2026-05-07
"Peugeot","204",2026-05-07
"Peugeot","205",2026-05-07
"Peugeot","205 Cabrio",2026-05-07
"Peugeot","206",2026-05-07
"Peugeot","206 CC",2026-05-07
"Peugeot","206 SW",2026-05-07
"Peugeot","207",2026-05-07
"Peugeot","207 CC",2026-05-07
"Peugeot","207 SW",2026-05-07
"Peugeot","306",2026-05-07
"Peugeot","307",2026-05-07
"Peugeot","307 CC",2026-05-07
"Peugeot","307 SW",2026-05-07
"Peugeot","308",2026-05-07
"Peugeot","308 CC",2026-05-07
"Peugeot","308 SW",2026-05-07
"Peugeot","309",2026-05-07
"Peugeot","4007",2026-05-07
"Peugeot","4008",2026-05-07
"Peugeot","405",2026-05-07
"Peugeot","406",2026-05-07
"Peugeot","407",2026-05-07
"Peugeot","407 SW",2026-05-07
"Peugeot","5008",2026-05-07
"Peugeot","504",2026-05-07
"Peugeot","508",2026-05-07
"Peugeot","508 SW",2026-05-07
"Peugeot","605",2026-05-07
"Peugeot","607",2026-05-07
"Peugeot","806",2026-05-07
"Peugeot","807",2026-05-07
"Peugeot","Bipper",2026-05-07
"Peugeot","RCZ",2026-05-07
"Plymouth","Fury",2026-05-07
"Plymouth","Prowler",2026-05-07
"Plymouth","Voyager",2026-05-07
"Pontiac","Aztek",2026-05-07
"Pontiac","Bonneville",2026-05-07
"Pontiac","Firebird",2026-05-07
"Pontiac","Grand Am",2026-05-07
"Porsche","356",2026-05-07
"Porsche","911",2026-05-07
"Porsche","911 Carrera",2026-05-07
"Porsche","911 Carrera Cabrio",2026-05-07
"Porsche","911 Targa",2026-05-07
"Porsche","911 Turbo",2026-05-07
"Porsche","914",2026-05-07
"Porsche","917",2026-05-07
"Porsche","918",2026-05-07
"Porsche","924",2026-05-07
"Porsche","928",2026-05-07
"Porsche","944",2026-05-07
"Porsche","956",2026-05-07
"Porsche","959",2026-05-07
"Porsche","962",2026-05-07
"Porsche","968",2026-05-07
"Porsche","997",2026-05-07
"Porsche","Boxster",2026-05-07
"Porsche","Carrera GT",2026-05-07
"Porsche","Cayenne",2026-05-07
"Porsche","Cayman",2026-05-07
"Porsche","Macan",2026-05-07
"Porsche","Panamera",2026-05-07
"Rambler","Classic",2026-05-07
"Range","Rover",2026-05-07
"Range","Rover Evoque",2026-05-07
"Renault","4",2026-05-07
"Renault","4CV",2026-05-07
"Renault","5",2026-05-07
"Renault","Alpine GTA/A610",2026-05-07
"Renault","Captur",2026-05-07
"Renault","Clio",2026-05-07
"Renault","Clio Grandtour",2026-05-07
"Renault","Dauphine",2026-05-07
"Renault","Espace",2026-05-07
"Renault","Express",2026-05-07
"Renault","Fluence",2026-05-07
"Renault","Grand Espace",2026-05-07
"Renault","Grand Modus",2026-05-07
"Renault","Grand Scenic",2026-05-07
"Renault","Kadjar",2026-05-07
"Renault","Kangoo",2026-05-07
"Renault","Kangoo Express",2026-05-07
"Renault","Koleos",2026-05-07
"Renault","Laguna",2026-05-07
"Renault","Laguna Grandtour",2026-05-07
"Renault","Latitude",2026-05-07
"Renault","Mascott",2026-05-07
"Renault","Mégane",2026-05-07
"Renault","Mégane CC",2026-05-07
"Renault","Mégane Combi",2026-05-07
"Renault","Mégane Coupé",2026-05-07
"Renault","Mégane Grandtour",2026-05-07
"Renault","Mégane Scénic",2026-05-07
"Renault","Scénic",2026-05-07
"Renault","Sport Spider",2026-05-07
"Renault","Talisman",2026-05-07
"Renault","Talisman Grandtour",2026-05-07
"Renault","Thalia",2026-05-07
"Renault","Twingo",2026-05-07
"Renault","Wind",2026-05-07
"Renault","Zoe",2026-05-07
"Renault","Zoé",2026-05-07
"Rover","200",2026-05-07
"Rover","214",2026-05-07
"Rover","218",2026-05-07
"Rover","25",2026-05-07
"Rover","400",2026-05-07
"Rover","414",2026-05-07
"Rover","416",2026-05-07
"Rover","45",2026-05-07
"Rover","620",2026-05-07
"Rover","75",2026-05-07
"Rover","800",2026-05-07
"Saab","9-3",2026-05-07
"Saab","9-3 Cabriolet",2026-05-07
"Saab","9-3 Coupé",2026-05-07
"Saab","9-3 SportCombi",2026-05-07
"Saab","9-5",2026-05-07
"Saab","9-5 SportCombi",2026-05-07
"Saab","900",2026-05-07
"Saab","900 C",2026-05-07
"Saab","900 C Turbo",2026-05-07
"Saab","9000",2026-05-07
"Saleen","S7",2026-05-07
"Saturn","S-Series",2026-05-07
"Seat","Alhambra",2026-05-07
"Seat","Altea",2026-05-07
"Seat","Altea XL",2026-05-07
"Seat","Arosa",2026-05-07
"Seat","Cordoba",2026-05-07
"Seat","Cordoba Vario",2026-05-07
"Seat","Exeo",2026-05-07
"Seat","Exeo ST",2026-05-07
"Seat","Ibiza ST",2026-05-07
"Seat","Inca",2026-05-07
"Seat","Leon",2026-05-07
"Seat","Leon ST",2026-05-07
"Seat","Mii",2026-05-07
"Seat","Toledo",2026-05-07
"SEAT","Ibiza",2026-05-07
"Simca","1000",2026-05-07
"Simca","1100",2026-05-07
"Škoda","Citigo",2026-05-07
"Škoda","Fabia",2026-05-07
"Škoda","Fabia Combi",2026-05-07
"Škoda","Fabia Sedan",2026-05-07
"Škoda","Favorit",2026-05-07
"Škoda","Felicia",2026-05-07
"Škoda","Felicia Combi",2026-05-07
"Škoda","Octavia",2026-05-07
"Škoda","Octavia Combi",2026-05-07
"Škoda","Rapid",2026-05-07
"Škoda","Rapid Spaceback",2026-05-07
"Škoda","Roomster",2026-05-07
"Škoda","Superb",2026-05-07
"Škoda","Superb Combi",2026-05-07
"Škoda","Yeti",2026-05-07
"Smart","Cabrio",2026-05-07
"Smart","City-Coupé",2026-05-07
"Smart","Compact Pulse",2026-05-07
"Smart","Forfour",2026-05-07
"Smart","Fortwo",2026-05-07
"Smart","Fortwo cabrio",2026-05-07
"Smart","Fortwo coupé",2026-05-07
"Smart","Roadster",2026-05-07
"SS","1",2026-05-07
"Studebaker","Champion",2026-05-07
"Subaru","360",2026-05-07
"Subaru","Alcyone",2026-05-07
"Subaru","BRZ",2026-05-07
"Subaru","Forester",2026-05-07
"Subaru","Impreza",2026-05-07
"Subaru","Impreza Wagon",2026-05-07
"Subaru","Justy",2026-05-07
"Subaru","Legacy",2026-05-07
"Subaru","Legacy Outback",2026-05-07
"Subaru","Legacy Wagon",2026-05-07
"Subaru","Levorg",2026-05-07
"Subaru","Outback",2026-05-07
"Subaru","SVX",2026-05-07
"Subaru","Tribeca",2026-05-07
"Subaru","Tribeca B9",2026-05-07
"Subaru","XV",2026-05-07
"Suzuki","Alto",2026-05-07
"Suzuki","Baleno",2026-05-07
"Suzuki","Baleno kombi",2026-05-07
"Suzuki","Cappuccino",2026-05-07
"Suzuki","Grand Vitara",2026-05-07
"Suzuki","Grand Vitara XL-7",2026-05-07
"Suzuki","Ignis",2026-05-07
"Suzuki","Jimny",2026-05-07
"Suzuki","Kizashi",2026-05-07
"Suzuki","Liana",2026-05-07
"Suzuki","Samurai",2026-05-07
"Suzuki","Splash",2026-05-07
"Suzuki","Swift",2026-05-07
"Suzuki","SX4",2026-05-07
"Suzuki","SX4 Sedan",2026-05-07
"Suzuki","Vitara",2026-05-07
"Suzuki","Wagon R",2026-05-07
"Suzuki","Wagon R+",2026-05-07
"Tesla","Model S",2026-05-07
"Tesla","Model X",2026-05-07
"Tesla","Roadster (2008)",2026-05-07
"Toyota","2000GT",2026-05-07
"Toyota","4-Runner",2026-05-07
"Toyota","86",2026-05-07
"Toyota","Auris",2026-05-07
"Toyota","Avensis",2026-05-07
"Toyota","Avensis Combi",2026-05-07
"Toyota","Avensis Van Verso",2026-05-07
"Toyota","Aygo",2026-05-07
"Toyota","Camry",2026-05-07
"Toyota","Carina",2026-05-07
"Toyota","Celica",2026-05-07
"Toyota","Corolla",2026-05-07
"Toyota","Corolla Combi",2026-05-07
"Toyota","Corolla sedan",2026-05-07
"Toyota","Corolla Verso",2026-05-07
"Toyota","Curren",2026-05-07
"Toyota","FJ Cruiser",2026-05-07
"Toyota","GT86",2026-05-07
"Toyota","Hiace",2026-05-07
"Toyota","Hiace Van",2026-05-07
"Toyota","Highlander",2026-05-07
"Toyota","Hilux",2026-05-07
"Toyota","Ipsum",2026-05-07
"Toyota","Land Cruiser",2026-05-07
"Toyota","Mirai",2026-05-07
"Toyota","MR2",2026-05-07
"Toyota","Paseo",2026-05-07
"Toyota","Picnic",2026-05-07
"Toyota","Prius",2026-05-07
"Toyota","RAV4",2026-05-07
"Toyota","Sequoia",2026-05-07
"Toyota","Soarer",2026-05-07
"Toyota","Sports 800",2026-05-07
"Toyota","Starlet",2026-05-07
"Toyota","Stout",2026-05-07
"Toyota","Supra",2026-05-07
"Toyota","Tundra",2026-05-07
"Toyota","Urban Cruiser",2026-05-07
"Toyota","Verso",2026-05-07
"Toyota","Yaris",2026-05-07
"Toyota","Yaris Verso",2026-05-07
"Vauxhall","Viva (1963–1979)",2026-05-07
"Vector","M12",2026-05-07
"Vector","W8",2026-05-07
"Volkswagen","Amarok",2026-05-07
"Volkswagen","Beetle",2026-05-07
"Volkswagen","Bora",2026-05-07
"Volkswagen","Bora Variant",2026-05-07
"Volkswagen","Caddy",2026-05-07
"Volkswagen","Caddy Van",2026-05-07
"Volkswagen","California",2026-05-07
"Volkswagen","Caravelle",2026-05-07
"Volkswagen","CC",2026-05-07
"Volkswagen","Crafter",2026-05-07
"Volkswagen","Crafter Kombi",2026-05-07
"Volkswagen","Crafter Van",2026-05-07
"Volkswagen","CrossTouran",2026-05-07
"Volkswagen","Eos",2026-05-07
"Volkswagen","Fox",2026-05-07
"Volkswagen","Gol",2026-05-07
"Volkswagen","Golf",2026-05-07
"Volkswagen","Golf Cabrio",2026-05-07
"Volkswagen","Golf Plus",2026-05-07
"Volkswagen","Golf Sportvan",2026-05-07
"Volkswagen","Golf Variant",2026-05-07
"Volkswagen","Jetta",2026-05-07
"Volkswagen","Life",2026-05-07
"Volkswagen","LT",2026-05-07
"Volkswagen","Lupo",2026-05-07
"Volkswagen","Multivan",2026-05-07
"Volkswagen","New Beetle",2026-05-07
"Volkswagen","New Beetle Cabrio",2026-05-07
"Volkswagen","Passat",2026-05-07
"Volkswagen","Passat Alltrack",2026-05-07
"Volkswagen","Passat CC",2026-05-07
"Volkswagen","Passat Variant",2026-05-07
"Volkswagen","Passat Variant Van",2026-05-07
"Volkswagen","Phaeton",2026-05-07
"Volkswagen","Polo",2026-05-07
"Volkswagen","Polo Van",2026-05-07
"Volkswagen","Polo Variant",2026-05-07
"Volkswagen","Scirocco",2026-05-07
"Volkswagen","Sharan",2026-05-07
"Volkswagen","T4",2026-05-07
"Volkswagen","T4 Caravelle",2026-05-07
"Volkswagen","T4 Multivan",2026-05-07
"Volkswagen","T5",2026-05-07
"Volkswagen","T5 Caravelle",2026-05-07
"Volkswagen","T5 Multivan",2026-05-07
"Volkswagen","T5 Transporter Shuttle",2026-05-07
"Volkswagen","Tiguan",2026-05-07
"Volkswagen","Touareg",2026-05-07
"Volkswagen","Touran",2026-05-07
"Volvo","140",2026-05-07
"Volvo","164",2026-05-07
"Volvo","200 series",2026-05-07
"Volvo","240",2026-05-07
"Volvo","300 series",2026-05-07
"Volvo","340",2026-05-07
"Volvo","360",2026-05-07
"Volvo","460",2026-05-07
"Volvo","700 series",2026-05-07
"Volvo","850",2026-05-07
"Volvo","850 kombi",2026-05-07
"Volvo","Amazon",2026-05-07
"Volvo","C30",2026-05-07
"Volvo","C70",2026-05-07
"Volvo","C70 Cabrio",2026-05-07
"Volvo","C70 Coupé",2026-05-07
"Volvo","Duett",2026-05-07
"Volvo","P1800",2026-05-07
"Volvo","PV444/544",2026-05-07
"Volvo","S40",2026-05-07
"Volvo","S60",2026-05-07
"Volvo","S70",2026-05-07
"Volvo","S80",2026-05-07
"Volvo","S90",2026-05-07
"Volvo","V40",2026-05-07
"Volvo","V50",2026-05-07
"Volvo","V60",2026-05-07
"Volvo","V70",2026-05-07
"Volvo","V90",2026-05-07
"Volvo","XC60",2026-05-07
"Volvo","XC70",2026-05-07
"Volvo","XC90",2026-05-07
"Willys","77",2026-05-07
"Acura","2.2CL",2026-05-07
"Acura","2.3CL",2026-05-07
"Acura","3.0CL",2026-05-07
"Acura","3.2CL",2026-05-07
"Acura","ILX",2026-05-07
"Acura","Integra",2026-05-07
"Acura","Legend",2026-05-07
"Acura","MDX",2026-05-07
"Acura","NSX",2026-05-07
"Acura","RDX",2026-05-07
"Acura","3.5 RL",2026-05-07
"Acura","RL",2026-05-07
"Acura","RSX",2026-05-07
"Acura","SLX",2026-05-07
"Acura","2.5TL",2026-05-07
"Acura","3.2TL",2026-05-07
"Acura","TL",2026-05-07
"Acura","TSX",2026-05-07
"Acura","Vigor",2026-05-07
"Acura","ZDX",2026-05-07
"Alfa Romeo","164",2026-05-07
"Alfa Romeo","8C Competizione",2026-05-07
"Alfa Romeo","GTV-6",2026-05-07
"Alfa Romeo","Milano",2026-05-07
"Alfa Romeo","Spider",2026-05-07
"AMC","Alliance",2026-05-07
"AMC","Concord",2026-05-07
"AMC","Eagle",2026-05-07
"AMC","Encore",2026-05-07
"AMC","Spirit",2026-05-07
"Aston Martin","DB7",2026-05-07
"Aston Martin","DB9",2026-05-07
"Aston Martin","DBS",2026-05-07
"Aston Martin","Lagonda",2026-05-07
"Aston Martin","Rapide",2026-05-07
"Aston Martin","V12 Vantage",2026-05-07
"Aston Martin","V8 Vantage",2026-05-07
"Aston Martin","Vanquish",2026-05-07
"Aston Martin","Virage",2026-05-07
"Audi","200",2026-05-07
"Audi","4000",2026-05-07
"Audi","5000",2026-05-07
"Audi","allroad",2026-05-07
"Audi","Cabriolet",2026-05-07
"Audi","Coupe",2026-05-07
"Audi","RS 4",2026-05-07
"Audi","RS 5",2026-05-07
"Audi","S4",2026-05-07
"Audi","TT RS",2026-05-07
"Audi","V8 Quattro",2026-05-07
"Avanti","Convertible",2026-05-07
"Avanti","Coupe",2026-05-07
"Avanti","Sedan",2026-05-07
"Bentley","Arnage",2026-05-07
"Bentley","Azure",2026-05-07
"Bentley","Brooklands",2026-05-07
"Bentley","Continental",2026-05-07
"Bentley","Corniche",2026-05-07
"Bentley","Eight",2026-05-07
"Bentley","Mulsanne",2026-05-07
"Bentley","Turbo R",2026-05-07
"BMW","128i",2026-05-07
"BMW","135i",2026-05-07
"BMW","135is",2026-05-07
"BMW","318i",2026-05-07
"BMW","318iC",2026-05-07
"BMW","318iS",2026-05-07
"BMW","318ti",2026-05-07
"BMW","320i",2026-05-07
"BMW","323ci",2026-05-07
"BMW","323i",2026-05-07
"BMW","323is",2026-05-07
"BMW","323iT",2026-05-07
"BMW","325Ci",2026-05-07
"BMW","325e",2026-05-07
"BMW","325es",2026-05-07
"BMW","325i",2026-05-07
"BMW","325is",2026-05-07
"BMW","325iX",2026-05-07
"BMW","325xi",2026-05-07
"BMW","328Ci",2026-05-07
"BMW","328i",2026-05-07
"BMW","328iS",2026-05-07
"BMW","328xi",2026-05-07
"BMW","330Ci",2026-05-07
"BMW","330i",2026-05-07
"BMW","330xi",2026-05-07
"BMW","335d",2026-05-07
"BMW","335i",2026-05-07
"BMW","335is",2026-05-07
"BMW","335xi",2026-05-07
"BMW","ActiveHybrid 3",2026-05-07
"BMW","325",2026-05-07
"BMW","524td",2026-05-07
"BMW","525i",2026-05-07
"BMW","525xi",2026-05-07
"BMW","528e",2026-05-07
"BMW","528i",2026-05-07
"BMW","528iT",2026-05-07
"BMW","528xi",2026-05-07
"BMW","530i",2026-05-07
"BMW","530iT",2026-05-07
"BMW","530xi",2026-05-07
"BMW","533i",2026-05-07
"BMW","535i",2026-05-07
"BMW","535i Gran Turismo",2026-05-07
"BMW","535xi",2026-05-07
"BMW","540i",2026-05-07
"BMW","545i",2026-05-07
"BMW","550i",2026-05-07
"BMW","550i Gran Turismo",2026-05-07
"BMW","ActiveHybrid 5",2026-05-07
"BMW","633CSi",2026-05-07
"BMW","635CSi",2026-05-07
"BMW","640i",2026-05-07
"BMW","640i Gran Coupe",2026-05-07
"BMW","645Ci",2026-05-07
"BMW","650i",2026-05-07
"BMW","650i Gran Coupe",2026-05-07
"BMW","L6",2026-05-07
"BMW","733i",2026-05-07
"BMW","735i",2026-05-07
"BMW","735iL",2026-05-07
"BMW","740i",2026-05-07
"BMW","740iL",2026-05-07
"BMW","740Li",2026-05-07
"BMW","745i",2026-05-07
"BMW","745Li",2026-05-07
"BMW","750i",2026-05-07
"BMW","750iL",2026-05-07
"BMW","750Li",2026-05-07
"BMW","760i",2026-05-07
"BMW","760Li",2026-05-07
"BMW","ActiveHybrid 7",2026-05-07
"BMW","Alpina B7",2026-05-07
"BMW","840Ci",2026-05-07
"BMW","850Ci",2026-05-07
"BMW","850CSi",2026-05-07
"BMW","850i",2026-05-07
"BMW","L7",2026-05-07
"BMW","1 Series M",2026-05-07
"BMW","M Coupe",2026-05-07
"BMW","M Roadster",2026-05-07
"BMW","X5 M",2026-05-07
"BMW","X6 M",2026-05-07
"BMW","ActiveHybrid X6",2026-05-07
"BMW","Z8",2026-05-07
"Buick","Century",2026-05-07
"Buick","Enclave",2026-05-07
"Buick","Encore",2026-05-07
"Buick","LaCrosse",2026-05-07
"Buick","Le Sabre",2026-05-07
"Buick","Lucerne",2026-05-07
"Buick","Park Avenue",2026-05-07
"Buick","Rainier",2026-05-07
"Buick","Reatta",2026-05-07
"Buick","Regal",2026-05-07
"Buick","Rendezvous",2026-05-07
"Buick","Roadmaster",2026-05-07
"Buick","Skyhawk",2026-05-07
"Buick","Skylark",2026-05-07
"Buick","Somerset",2026-05-07
"Buick","Terraza",2026-05-07
"Buick","Verano",2026-05-07
"Cadillac","Allante",2026-05-07
"Cadillac","ATS",2026-05-07
"Cadillac","Brougham",2026-05-07
"Cadillac","Catera",2026-05-07
"Cadillac","CTS",2026-05-07
"Cadillac","DTS",2026-05-07
"Cadillac","Eldorado",2026-05-07
"Cadillac","Escalade",2026-05-07
"Cadillac","Escalade ESV",2026-05-07
"Cadillac","Escalade EXT",2026-05-07
"Cadillac","Fleetwood",2026-05-07
"Cadillac","Seville",2026-05-07
"Cadillac","SRX",2026-05-07
"Cadillac","STS",2026-05-07
"Cadillac","XLR",2026-05-07
"Cadillac","XTS",2026-05-07
"Chevrolet","Astro",2026-05-07
"Chevrolet","Avalanche",2026-05-07
"Chevrolet","Aveo5",2026-05-07
"Chevrolet","Beretta",2026-05-07
"Chevrolet","Blazer",2026-05-07
"Chevrolet","Captiva Sport",2026-05-07
"Chevrolet","Celebrity",2026-05-07
"Chevrolet","Chevette",2026-05-07
"Chevrolet","Cobalt",2026-05-07
"Chevrolet","Colorado",2026-05-07
"Chevrolet","Corsica",2026-05-07
"Chevrolet","El Camino",2026-05-07
"Chevrolet","Express Van",2026-05-07
"Chevrolet","G Van",2026-05-07
"Chevrolet","Kodiak C4500",2026-05-07
"Chevrolet","Lumina APV",2026-05-07
"Chevrolet","LUV",2026-05-07
"Chevrolet","Metro",2026-05-07
"Chevrolet","Nova",2026-05-07
"Chevrolet","Prizm",2026-05-07
"Chevrolet","S10 Blazer",2026-05-07
"Chevrolet","S10 Pickup",2026-05-07
"Chevrolet","Silverado and other C/K1500",2026-05-07
"Chevrolet","Silverado and other C/K2500",2026-05-07
"Chevrolet","Silverado and other C/K3500",2026-05-07
"Chevrolet","Sonic",2026-05-07
"Chevrolet","Spectrum",2026-05-07
"Chevrolet","Sprint",2026-05-07
"Chevrolet","SSR",2026-05-07
"Chevrolet","Tracker",2026-05-07
"Chevrolet","TrailBlazer",2026-05-07
"Chevrolet","TrailBlazer EXT",2026-05-07
"Chevrolet","Traverse",2026-05-07
"Chevrolet","Uplander",2026-05-07
"Chevrolet","Venture",2026-05-07
"Chrysler","200",2026-05-07
"Chrysler","300",2026-05-07
"Chrysler","300M",2026-05-07
"Chrysler","Aspen",2026-05-07
"Chrysler","Caravan",2026-05-07
"Chrysler","Cirrus",2026-05-07
"Chrysler","Concorde",2026-05-07
"Chrysler","Conquest",2026-05-07
"Chrysler","Cordoba",2026-05-07
"Chrysler","E Class",2026-05-07
"Chrysler","Fifth Avenue",2026-05-07
"Chrysler","Imperial",2026-05-07
"Chrysler","Intrepid",2026-05-07
"Chrysler","Laser",2026-05-07
"Chrysler","LeBaron",2026-05-07
"Chrysler","New Yorker",2026-05-07
"Chrysler","Prowler",2026-05-07
"Chrysler","Town &amp; Country",2026-05-07
"Daihatsu","Charade",2026-05-07
"Daihatsu","Rocky",2026-05-07
"Datsun","200SX",2026-05-07
"Datsun","210",2026-05-07
"Datsun","280ZX",2026-05-07
"Datsun","300ZX",2026-05-07
"Datsun","310",2026-05-07
"Datsun","510",2026-05-07
"Datsun","720",2026-05-07
"Datsun","810",2026-05-07
"Datsun","Maxima",2026-05-07
"Datsun","Pickup",2026-05-07
"Datsun","Pulsar",2026-05-07
"Datsun","Sentra",2026-05-07
"Datsun","Stanza",2026-05-07
"Dodge","400",2026-05-07
"Dodge","600",2026-05-07
"Dodge","Caravan",2026-05-07
"Dodge","Colt",2026-05-07
"Dodge","Conquest",2026-05-07
"Dodge","D/W Truck",2026-05-07
"Dodge","Dakota",2026-05-07
"Dodge","Dart",2026-05-07
"Dodge","Daytona",2026-05-07
"Dodge","Diplomat",2026-05-07
"Dodge","Durango",2026-05-07
"Dodge","Dynasty",2026-05-07
"Dodge","Intrepid",2026-05-07
"Dodge","Lancer",2026-05-07
"Dodge","Mirada",2026-05-07
"Dodge","Monaco",2026-05-07
"Dodge","Neon",2026-05-07
"Dodge","Omni",2026-05-07
"Dodge","Raider",2026-05-07
"Dodge","Ram 1500 Truck",2026-05-07
"Dodge","Ram 2500 Truck",2026-05-07
"Dodge","Ram 3500 Truck",2026-05-07
"Dodge","Ram 4500 Truck",2026-05-07
"Dodge","Ram 50 Truck",2026-05-07
"Dodge","RAM C/V",2026-05-07
"Dodge","Ram SRT-10",2026-05-07
"Dodge","Ram Van",2026-05-07
"Dodge","Ram Wagon",2026-05-07
"Dodge","Ramcharger",2026-05-07
"Dodge","Rampage",2026-05-07
"Dodge","Shadow",2026-05-07
"Dodge","Spirit",2026-05-07
"Dodge","Sprinter",2026-05-07
"Dodge","SRT-4",2026-05-07
"Dodge","St. Regis",2026-05-07
"Dodge","Stratus",2026-05-07
"Eagle","Medallion",2026-05-07
"Eagle","Premier",2026-05-07
"Eagle","Summit",2026-05-07
"Eagle","Vision",2026-05-07
"Ferrari","308 GTB Quattrovalvole",2026-05-07
"Ferrari","308 GTBI",2026-05-07
"Ferrari","308 GTS Quattrovalvole",2026-05-07
"Ferrari","308 GTSI",2026-05-07
"Ferrari","328 GTB",2026-05-07
"Ferrari","328 GTS",2026-05-07
"Ferrari","348 GTB",2026-05-07
"Ferrari","348 GTS",2026-05-07
"Ferrari","348 Spider",2026-05-07
"Ferrari","348 TB",2026-05-07
"Ferrari","348 TS",2026-05-07
"Ferrari","456 GT",2026-05-07
"Ferrari","456M GT",2026-05-07
"Ferrari","458 Italia",2026-05-07
"Ferrari","512 BBi",2026-05-07
"Ferrari","512M",2026-05-07
"Ferrari","512TR",2026-05-07
"Ferrari","550 Maranello",2026-05-07
"Ferrari","599 GTB Fiorano",2026-05-07
"Ferrari","599 GTO",2026-05-07
"Ferrari","612 Scaglietti",2026-05-07
"Ferrari","California",2026-05-07
"Ferrari","Enzo",2026-05-07
"FIAT","2000 Spider",2026-05-07
"FIAT","Bertone X1/9",2026-05-07
"FIAT","Pininfarina Spider",2026-05-07
"Ford","Aspire",2026-05-07
"Ford","Bronco",2026-05-07
"Ford","Bronco II",2026-05-07
"Ford","Club Wagon",2026-05-07
"Ford","Contour",2026-05-07
"Ford","Courier",2026-05-07
"Ford","E-150 and Econoline 150",2026-05-07
"Ford","E-250 and Econoline 250",2026-05-07
"Ford","E-350 and Econoline 350",2026-05-07
"Ford","Escape",2026-05-07
"Ford","Excursion",2026-05-07
"Ford","EXP",2026-05-07
"Ford","Expedition",2026-05-07
"Ford","Expedition EL",2026-05-07
"Ford","Explorer Sport Trac",2026-05-07
"Ford","F100",2026-05-07
"Ford","F150",2026-05-07
"Ford","F250",2026-05-07
"Ford","F350",2026-05-07
"Ford","F450",2026-05-07
"Ford","Fairmont",2026-05-07
"Ford","Festiva",2026-05-07
"Ford","Five Hundred",2026-05-07
"Ford","Flex",2026-05-07
"Ford","Freestar",2026-05-07
"Ford","Freestyle",2026-05-07
"Ford","Granada",2026-05-07
"Ford","LTD",2026-05-07
"Ford","Probe",2026-05-07
"Ford","Taurus X",2026-05-07
"Ford","Transit Connect",2026-05-07
"Ford","ZX2 Escort",2026-05-07
"Freightliner","Sprinter",2026-05-07
"Geo","Metro",2026-05-07
"Geo","Prizm",2026-05-07
"Geo","Spectrum",2026-05-07
"Geo","Storm",2026-05-07
"Geo","Tracker",2026-05-07
"GMC","Acadia",2026-05-07
"GMC","Caballero",2026-05-07
"GMC","Canyon",2026-05-07
"GMC","Envoy",2026-05-07
"GMC","Envoy XL",2026-05-07
"GMC","Envoy XUV",2026-05-07
"GMC","Jimmy",2026-05-07
"GMC","Rally Wagon",2026-05-07
"GMC","S15 Jimmy",2026-05-07
"GMC","S15 Pickup",2026-05-07
"GMC","Safari",2026-05-07
"GMC","Savana",2026-05-07
"GMC","Sierra C/K1500",2026-05-07
"GMC","Sierra C/K2500",2026-05-07
"GMC","Sierra C/K3500",2026-05-07
"GMC","Sonoma",2026-05-07
"GMC","Suburban",2026-05-07
"GMC","Syclone",2026-05-07
"GMC","Terrain",2026-05-07
"GMC","TopKick C4500",2026-05-07
"GMC","Typhoon",2026-05-07
"GMC","Vandura",2026-05-07
"GMC","Yukon",2026-05-07
"GMC","Yukon XL",2026-05-07
"Honda","CRX",2026-05-07
"Honda","Accord Crosstour",2026-05-07
"Honda","Crosstour",2026-05-07
"Honda","Del Sol",2026-05-07
"Honda","Element",2026-05-07
"Honda","Odyssey",2026-05-07
"Honda","Passport",2026-05-07
"Honda","Pilot",2026-05-07
"Honda","Ridgeline",2026-05-07
"HUMMER","H1",2026-05-07
"HUMMER","H3T",2026-05-07
"Hyundai","Azera",2026-05-07
"Hyundai","Elantra Coupe",2026-05-07
"Hyundai","Elantra Touring",2026-05-07
"Hyundai","Entourage",2026-05-07
"Hyundai","Equus",2026-05-07
"Hyundai","Excel",2026-05-07
"Hyundai","Genesis Coupe",2026-05-07
"Hyundai","Scoupe",2026-05-07
"Hyundai","Tiburon",2026-05-07
"Hyundai","Venue",2026-05-07
"Hyundai","Veracruz",2026-05-07
"Hyundai","XG300",2026-05-07
"Hyundai","XG350",2026-05-07
"Infiniti","EX35",2026-05-07
"Infiniti","EX37",2026-05-07
"Infiniti","FX35",2026-05-07
"Infiniti","FX37",2026-05-07
"Infiniti","FX45",2026-05-07
"Infiniti","FX50",2026-05-07
"Infiniti","G20",2026-05-07
"Infiniti","G25",2026-05-07
"Infiniti","G35",2026-05-07
"Infiniti","G37",2026-05-07
"Infiniti","I30",2026-05-07
"Infiniti","I35",2026-05-07
"Infiniti","J30",2026-05-07
"Infiniti","JX35",2026-05-07
"Infiniti","M30",2026-05-07
"Infiniti","M35",2026-05-07
"Infiniti","M35h",2026-05-07
"Infiniti","M37",2026-05-07
"Infiniti","M45",2026-05-07
"Infiniti","M56",2026-05-07
"Infiniti","Q45",2026-05-07
"Infiniti","QX4",2026-05-07
"Infiniti","QX56",2026-05-07
"Isuzu","Amigo",2026-05-07
"Isuzu","Ascender",2026-05-07
"Isuzu","Axiom",2026-05-07
"Isuzu","Hombre",2026-05-07
"Isuzu","i-280",2026-05-07
"Isuzu","i-290",2026-05-07
"Isuzu","i-350",2026-05-07
"Isuzu","i-370",2026-05-07
"Isuzu","I-Mark",2026-05-07
"Isuzu","Impulse",2026-05-07
"Isuzu","Oasis",2026-05-07
"Isuzu","Pickup",2026-05-07
"Isuzu","Rodeo",2026-05-07
"Isuzu","Stylus",2026-05-07
"Isuzu","Trooper",2026-05-07
"Isuzu","Trooper II",2026-05-07
"Isuzu","VehiCROSS",2026-05-07
"Jaguar","XJR-S",2026-05-07
"Jaguar","XJ Vanden Plas",2026-05-07
"Jaguar","XJ8 L",2026-05-07
"Jaguar","XJ Sport",2026-05-07
"Jaguar","XK8",2026-05-07
"Jeep","Comanche",2026-05-07
"Jeep","Grand Wagoneer",2026-05-07
"Jeep","Liberty",2026-05-07
"Jeep","Pickup",2026-05-07
"Jeep","Scrambler",2026-05-07
"Jeep","Wagoneer",2026-05-07
"Kia","Amanti",2026-05-07
"Kia","Borrego",2026-05-07
"Kia","Forte",2026-05-07
"Kia","Forte Koup",2026-05-07
"Kia","Niro",2026-05-07
"Kia","Rio5",2026-05-07
"Kia","Rondo",2026-05-07
"Kia","Sedona",2026-05-07
"Kia","Spectra",2026-05-07
"Kia","Spectra5",2026-05-07
"Lamborghini","Murcielago",2026-05-07
"Lancia","Beta",2026-05-07
"Lancia","Zagato",2026-05-07
"Land Rover","Defender",2026-05-07
"Land Rover","Discovery",2026-05-07
"Land Rover","Freelander",2026-05-07
"Land Rover","LR2",2026-05-07
"Land Rover","LR3",2026-05-07
"Land Rover","LR4",2026-05-07
"Land Rover","Range Rover",2026-05-07
"Land Rover","Range Rover Evoque",2026-05-07
"Land Rover","Range Rover Sport",2026-05-07
"Lexus","CT 200h",2026-05-07
"Lexus","ES 250",2026-05-07
"Lexus","ES 300",2026-05-07
"Lexus","ES 300h",2026-05-07
"Lexus","ES 330",2026-05-07
"Lexus","ES 350",2026-05-07
"Lexus","GS 350",2026-05-07
"Lexus","GS 400",2026-05-07
"Lexus","GS 430",2026-05-07
"Lexus","GS 450h",2026-05-07
"Lexus","GS 460",2026-05-07
"Lexus","GX 460",2026-05-07
"Lexus","GX 470",2026-05-07
"Lexus","HS 250h",2026-05-07
"Lexus","IS 250",2026-05-07
"Lexus","IS 250C",2026-05-07
"Lexus","IS 300",2026-05-07
"Lexus","IS 350",2026-05-07
"Lexus","IS 350C",2026-05-07
"Lexus","IS F",2026-05-07
"Lexus","LS 400",2026-05-07
"Lexus","LS 430",2026-05-07
"Lexus","LS 460",2026-05-07
"Lexus","LS 600h",2026-05-07
"Lexus","LX 450",2026-05-07
"Lexus","LX 470",2026-05-07
"Lexus","LX 570",2026-05-07
"Lexus","RX 330",2026-05-07
"Lexus","RX 350",2026-05-07
"Lexus","SC 300",2026-05-07
"Lexus","SC 400",2026-05-07
"Lincoln","Aviator",2026-05-07
"Lincoln","Blackwood",2026-05-07
"Lincoln","LS",2026-05-07
"Lincoln","Mark LT",2026-05-07
"Lincoln","Mark VI",2026-05-07
"Lincoln","Mark VII",2026-05-07
"Lincoln","Mark VIII",2026-05-07
"Lincoln","MKS",2026-05-07
"Lincoln","MKT",2026-05-07
"Lincoln","MKX",2026-05-07
"Lincoln","MKZ",2026-05-07
"Lincoln","Navigator",2026-05-07
"Lincoln","Navigator L",2026-05-07
"Lincoln","Zephyr",2026-05-07
"Lotus","Elan",2026-05-07
"Lotus","Esprit",2026-05-07
"Lotus","Evora",2026-05-07
"Lotus","Exige",2026-05-07
"Maserati","430",2026-05-07
"Maserati","Coupe",2026-05-07
"Maserati","GranSport",2026-05-07
"Maserati","GranTurismo",2026-05-07
"Maserati","Quattroporte",2026-05-07
"Maserati","Spyder",2026-05-07
"Maybach","57",2026-05-07
"Maybach","62",2026-05-07
"Mazda","929",2026-05-07
"Mazda","B-Series Pickup",2026-05-07
"Mazda","CX-30",2026-05-07
"Mazda","GLC",2026-05-07
"Mazda","MAZDA2",2026-05-07
"Mazda","MAZDA3",2026-05-07
"Mazda","MAZDA5",2026-05-07
"Mazda","MAZDA6",2026-05-07
"Mazda","MAZDASPEED3",2026-05-07
"Mazda","MAZDASPEED6",2026-05-07
"Mazda","Miata MX5",2026-05-07
"Mazda","Millenia",2026-05-07
"Mazda","MX3",2026-05-07
"Mazda","MX6",2026-05-07
"Mazda","Navajo",2026-05-07
"Mazda","Protege",2026-05-07
"Mazda","Protege5",2026-05-07
"Mazda","Tribute",2026-05-07
"McLaren","MP4-12C",2026-05-07
"Mercedes-Benz","190D",2026-05-07
"Mercedes-Benz","190E",2026-05-07
"Mercedes-Benz","240D",2026-05-07
"Mercedes-Benz","300CD",2026-05-07
"Mercedes-Benz","300CE",2026-05-07
"Mercedes-Benz","300D",2026-05-07
"Mercedes-Benz","300E",2026-05-07
"Mercedes-Benz","300TD",2026-05-07
"Mercedes-Benz","300TE",2026-05-07
"Mercedes-Benz","C220",2026-05-07
"Mercedes-Benz","C230",2026-05-07
"Mercedes-Benz","C240",2026-05-07
"Mercedes-Benz","C250",2026-05-07
"Mercedes-Benz","C280",2026-05-07
"Mercedes-Benz","C300",2026-05-07
"Mercedes-Benz","C320",2026-05-07
"Mercedes-Benz","C32 AMG",2026-05-07
"Mercedes-Benz","C350",2026-05-07
"Mercedes-Benz","C36 AMG",2026-05-07
"Mercedes-Benz","C43 AMG",2026-05-07
"Mercedes-Benz","C55 AMG",2026-05-07
"Mercedes-Benz","C63 AMG",2026-05-07
"Mercedes-Benz","CL500",2026-05-07
"Mercedes-Benz","CL550",2026-05-07
"Mercedes-Benz","CL55 AMG",2026-05-07
"Mercedes-Benz","CL600",2026-05-07
"Mercedes-Benz","CL63 AMG",2026-05-07
"Mercedes-Benz","CL65 AMG",2026-05-07
"Mercedes-Benz","CLK320",2026-05-07
"Mercedes-Benz","CLK350",2026-05-07
"Mercedes-Benz","CLK430",2026-05-07
"Mercedes-Benz","CLK500",2026-05-07
"Mercedes-Benz","CLK550",2026-05-07
"Mercedes-Benz","CLK55 AMG",2026-05-07
"Mercedes-Benz","CLK63 AMG",2026-05-07
"Mercedes-Benz","CLS500",2026-05-07
"Mercedes-Benz","CLS550",2026-05-07
"Mercedes-Benz","CLS55 AMG",2026-05-07
"Mercedes-Benz","CLS63 AMG",2026-05-07
"Mercedes-Benz","260E",2026-05-07
"Mercedes-Benz","280CE",2026-05-07
"Mercedes-Benz","280E",2026-05-07
"Mercedes-Benz","400E",2026-05-07
"Mercedes-Benz","500E",2026-05-07
"Mercedes-Benz","E300",2026-05-07
"Mercedes-Benz","E320",2026-05-07
"Mercedes-Benz","E320 Bluetec",2026-05-07
"Mercedes-Benz","E320 CDI",2026-05-07
"Mercedes-Benz","E350",2026-05-07
"Mercedes-Benz","E350 Bluetec",2026-05-07
"Mercedes-Benz","E400 Hybrid",2026-05-07
"Mercedes-Benz","E420",2026-05-07
"Mercedes-Benz","E430",2026-05-07
"Mercedes-Benz","E500",2026-05-07
"Mercedes-Benz","E550",2026-05-07
"Mercedes-Benz","E55 AMG",2026-05-07
"Mercedes-Benz","E63 AMG",2026-05-07
"Mercedes-Benz","G500",2026-05-07
"Mercedes-Benz","G550",2026-05-07
"Mercedes-Benz","G55 AMG",2026-05-07
"Mercedes-Benz","G63 AMG",2026-05-07
"Mercedes-Benz","GL320 Bluetec",2026-05-07
"Mercedes-Benz","GL320 CDI",2026-05-07
"Mercedes-Benz","GL350 Bluetec",2026-05-07
"Mercedes-Benz","GL450",2026-05-07
"Mercedes-Benz","GL550",2026-05-07
"Mercedes-Benz","GLK350",2026-05-07
"Mercedes-Benz","ML320",2026-05-07
"Mercedes-Benz","ML320 Bluetec",2026-05-07
"Mercedes-Benz","ML320 CDI",2026-05-07
"Mercedes-Benz","ML350",2026-05-07
"Mercedes-Benz","ML350 Bluetec",2026-05-07
"Mercedes-Benz","ML430",2026-05-07
"Mercedes-Benz","ML450 Hybrid",2026-05-07
"Mercedes-Benz","ML500",2026-05-07
"Mercedes-Benz","ML550",2026-05-07
"Mercedes-Benz","ML55 AMG",2026-05-07
"Mercedes-Benz","ML63 AMG",2026-05-07
"Mercedes-Benz","R320 Bluetec",2026-05-07
"Mercedes-Benz","R320 CDI",2026-05-07
"Mercedes-Benz","R350",2026-05-07
"Mercedes-Benz","R350 Bluetec",2026-05-07
"Mercedes-Benz","R500",2026-05-07
"Mercedes-Benz","R63 AMG",2026-05-07
"Mercedes-Benz","300SD",2026-05-07
"Mercedes-Benz","300SDL",2026-05-07
"Mercedes-Benz","300SE",2026-05-07
"Mercedes-Benz","300SEL",2026-05-07
"Mercedes-Benz","350SD",2026-05-07
"Mercedes-Benz","350SDL",2026-05-07
"Mercedes-Benz","380SE",2026-05-07
"Mercedes-Benz","380SEC",2026-05-07
"Mercedes-Benz","380SEL",2026-05-07
"Mercedes-Benz","400SE",2026-05-07
"Mercedes-Benz","400SEL",2026-05-07
"Mercedes-Benz","420SEL",2026-05-07
"Mercedes-Benz","500SEC",2026-05-07
"Mercedes-Benz","500SEL",2026-05-07
"Mercedes-Benz","560SEC",2026-05-07
"Mercedes-Benz","560SEL",2026-05-07
"Mercedes-Benz","600SEC",2026-05-07
"Mercedes-Benz","600SEL",2026-05-07
"Mercedes-Benz","S320",2026-05-07
"Mercedes-Benz","S350",2026-05-07
"Mercedes-Benz","S350 Bluetec",2026-05-07
"Mercedes-Benz","S400 Hybrid",2026-05-07
"Mercedes-Benz","S420",2026-05-07
"Mercedes-Benz","S430",2026-05-07
"Mercedes-Benz","S500",2026-05-07
"Mercedes-Benz","S550",2026-05-07
"Mercedes-Benz","S55 AMG",2026-05-07
"Mercedes-Benz","S600",2026-05-07
"Mercedes-Benz","S63 AMG",2026-05-07
"Mercedes-Benz","S65 AMG",2026-05-07
"Mercedes-Benz","300SL",2026-05-07
"Mercedes-Benz","380SL",2026-05-07
"Mercedes-Benz","380SLC",2026-05-07
"Mercedes-Benz","500SL",2026-05-07
"Mercedes-Benz","560SL",2026-05-07
"Mercedes-Benz","600SL",2026-05-07
"Mercedes-Benz","SL320",2026-05-07
"Mercedes-Benz","SL500",2026-05-07
"Mercedes-Benz","SL550",2026-05-07
"Mercedes-Benz","SL55 AMG",2026-05-07
"Mercedes-Benz","SL600",2026-05-07
"Mercedes-Benz","SL63 AMG",2026-05-07
"Mercedes-Benz","SL65 AMG",2026-05-07
"Mercedes-Benz","SLK230",2026-05-07
"Mercedes-Benz","SLK250",2026-05-07
"Mercedes-Benz","SLK280",2026-05-07
"Mercedes-Benz","SLK300",2026-05-07
"Mercedes-Benz","SLK320",2026-05-07
"Mercedes-Benz","SLK32 AMG",2026-05-07
"Mercedes-Benz","SLK350",2026-05-07
"Mercedes-Benz","SLK55 AMG",2026-05-07
"Mercedes-Benz","SLS AMG",2026-05-07
"Mercury","Capri",2026-05-07
"Mercury","Cougar",2026-05-07
"Mercury","Lynx",2026-05-07
"Mercury","Marauder",2026-05-07
"Mercury","Mariner",2026-05-07
"Mercury","Marquis",2026-05-07
"Mercury","Milan",2026-05-07
"Mercury","Montego",2026-05-07
"Mercury","Mountaineer",2026-05-07
"Mercury","Mystique",2026-05-07
"Mercury","Topaz",2026-05-07
"Mercury","Tracer",2026-05-07
"Mercury","Villager",2026-05-07
"Mercury","Zephyr",2026-05-07
"Merkur","Scorpio",2026-05-07
"Merkur","XR4Ti",2026-05-07
"MINI","Cooper Countryman",2026-05-07
"MINI","Cooper S Countryman",2026-05-07
"MINI","Cooper Coupe",2026-05-07
"MINI","Cooper S Coupe",2026-05-07
"MINI","Cooper Roadster",2026-05-07
"MINI","Cooper S Roadster",2026-05-07
"Mitsubishi","3000GT",2026-05-07
"Mitsubishi","Cordia",2026-05-07
"Mitsubishi","Diamante",2026-05-07
"Mitsubishi","Endeavor",2026-05-07
"Mitsubishi","Expo",2026-05-07
"Mitsubishi","i",2026-05-07
"Mitsubishi","Lancer Evolution",2026-05-07
"Mitsubishi","Mighty Max",2026-05-07
"Mitsubishi","Mirage",2026-05-07
"Mitsubishi","Montero",2026-05-07
"Mitsubishi","Montero Sport",2026-05-07
"Mitsubishi","Outlander Sport",2026-05-07
"Mitsubishi","Precis",2026-05-07
"Mitsubishi","Raider",2026-05-07
"Mitsubishi","Sigma",2026-05-07
"Mitsubishi","Starion",2026-05-07
"Mitsubishi","Tredia",2026-05-07
"Mitsubishi","Van",2026-05-07
"Nissan","200SX",2026-05-07
"Nissan","240SX",2026-05-07
"Nissan","300ZX",2026-05-07
"Nissan","350Z",2026-05-07
"Nissan","370Z",2026-05-07
"Nissan","Altima",2026-05-07
"Nissan","Armada",2026-05-07
"Nissan","Axxess",2026-05-07
"Nissan","Cube",2026-05-07
"Nissan","Frontier",2026-05-07
"Nissan","Kicks",2026-05-07
"Nissan","Murano CrossCabriolet",2026-05-07
"Nissan","NV",2026-05-07
"Nissan","NX",2026-05-07
"Nissan","Quest",2026-05-07
"Nissan","Rogue",2026-05-07
"Nissan","Sentra",2026-05-07
"Nissan","Stanza",2026-05-07
"Nissan","Titan",2026-05-07
"Nissan","Van",2026-05-07
"Nissan","Versa",2026-05-07
"Nissan","Xterra",2026-05-07
"Oldsmobile","Achieva",2026-05-07
"Oldsmobile","Alero",2026-05-07
"Oldsmobile","Bravada",2026-05-07
"Oldsmobile","Custom Cruiser",2026-05-07
"Oldsmobile","Cutlass Calais",2026-05-07
"Oldsmobile","Cutlass Ciera",2026-05-07
"Oldsmobile","Cutlass Supreme",2026-05-07
"Oldsmobile","Firenza",2026-05-07
"Oldsmobile","Intrigue",2026-05-07
"Oldsmobile","Ninety-Eight",2026-05-07
"Oldsmobile","Omega",2026-05-07
"Oldsmobile","Regency",2026-05-07
"Oldsmobile","Silhouette",2026-05-07
"Oldsmobile","Toronado",2026-05-07
"Peugeot","505",2026-05-07
"Peugeot","604",2026-05-07
"Plymouth","Acclaim",2026-05-07
"Plymouth","Arrow",2026-05-07
"Plymouth","Breeze",2026-05-07
"Plymouth","Caravelle",2026-05-07
"Plymouth","Champ",2026-05-07
"Plymouth","Colt",2026-05-07
"Plymouth","Conquest",2026-05-07
"Plymouth","Gran Fury",2026-05-07
"Plymouth","Grand Voyager",2026-05-07
"Plymouth","Horizon",2026-05-07
"Plymouth","Laser",2026-05-07
"Plymouth","Neon",2026-05-07
"Plymouth","Reliant",2026-05-07
"Plymouth","Sapporo",2026-05-07
"Plymouth","Scamp",2026-05-07
"Plymouth","Sundance",2026-05-07
"Plymouth","Trailduster",2026-05-07
"Pontiac","1000",2026-05-07
"Pontiac","6000",2026-05-07
"Pontiac","Catalina",2026-05-07
"Pontiac","Fiero",2026-05-07
"Pontiac","G3",2026-05-07
"Pontiac","G5",2026-05-07
"Pontiac","G6",2026-05-07
"Pontiac","G8",2026-05-07
"Pontiac","Grand Prix",2026-05-07
"Pontiac","GTO",2026-05-07
"Pontiac","J2000",2026-05-07
"Pontiac","Le Mans",2026-05-07
"Pontiac","Montana",2026-05-07
"Pontiac","Parisienne",2026-05-07
"Pontiac","Phoenix",2026-05-07
"Pontiac","Safari",2026-05-07
"Pontiac","Solstice",2026-05-07
"Pontiac","Sunbird",2026-05-07
"Pontiac","Sunfire",2026-05-07
"Pontiac","Torrent",2026-05-07
"Pontiac","Trans Sport",2026-05-07
"Pontiac","Vibe",2026-05-07
"RAM","1500",2026-05-07
"RAM","2500",2026-05-07
"RAM","3500",2026-05-07
"RAM","4500",2026-05-07
"Renault","18i",2026-05-07
"Renault","Fuego",2026-05-07
"Renault","Le Car",2026-05-07
"Renault","R18",2026-05-07
"Renault","Sportwagon",2026-05-07
"Rolls-Royce","Camargue",2026-05-07
"Rolls-Royce","Corniche",2026-05-07
"Rolls-Royce","Ghost",2026-05-07
"Rolls-Royce","Park Ward",2026-05-07
"Rolls-Royce","Phantom",2026-05-07
"Rolls-Royce","Silver Dawn",2026-05-07
"Rolls-Royce","Silver Seraph",2026-05-07
"Rolls-Royce","Silver Spirit",2026-05-07
"Rolls-Royce","Silver Spur",2026-05-07
"Saab","9-2X",2026-05-07
"Saab","9-4X",2026-05-07
"Saab","9-7X",2026-05-07
"Saturn","Astra",2026-05-07
"Saturn","Aura",2026-05-07
"Saturn","ION",2026-05-07
"Saturn","L100",2026-05-07
"Saturn","L200",2026-05-07
"Saturn","L300",2026-05-07
"Saturn","LS",2026-05-07
"Saturn","LW1",2026-05-07
"Saturn","LW2",2026-05-07
"Saturn","LW200",2026-05-07
"Saturn","LW300",2026-05-07
"Saturn","Outlook",2026-05-07
"Saturn","Relay",2026-05-07
"Saturn","SC1",2026-05-07
"Saturn","SC2",2026-05-07
"Saturn","Sky",2026-05-07
"Saturn","SL",2026-05-07
"Saturn","SL1",2026-05-07
"Saturn","SL2",2026-05-07
"Saturn","SW1",2026-05-07
"Saturn","SW2",2026-05-07
"Saturn","Vue",2026-05-07
"Scion","FR-S",2026-05-07
"Scion","iQ",2026-05-07
"Scion","tC",2026-05-07
"Scion","xA",2026-05-07
"Scion","xB",2026-05-07
"Scion","xD",2026-05-07
"SRT","Viper",2026-05-07
"Sterling","825",2026-05-07
"Sterling","827",2026-05-07
"Subaru","Baja",2026-05-07
"Subaru","Brat",2026-05-07
"Subaru","Impreza WRX",2026-05-07
"Subaru","L Series",2026-05-07
"Subaru","Loyale",2026-05-07
"Subaru","XT",2026-05-07
"Subaru","XV Crosstrek",2026-05-07
"Suzuki","Aerio",2026-05-07
"Suzuki","Equator",2026-05-07
"Suzuki","Esteem",2026-05-07
"Suzuki","Forenza",2026-05-07
"Suzuki","Reno",2026-05-07
"Suzuki","Sidekick",2026-05-07
"Suzuki","Verona",2026-05-07
"Suzuki","X-90",2026-05-07
"Suzuki","XL7",2026-05-07
"Tesla","Roadster",2026-05-07
"Tesla","Model 3",2026-05-07
"Tesla","Model Y",2026-05-07
"Tesla","Cybertruck",2026-05-07
"Toyota","4Runner",2026-05-07
"Toyota","Avalon",2026-05-07
"Toyota","Corona",2026-05-07
"Toyota","Cressida",2026-05-07
"Toyota","Echo",2026-05-07
"Toyota","Matrix",2026-05-07
"Toyota","MR2 Spyder",2026-05-07
"Toyota","Pickup",2026-05-07
"Toyota","Previa",2026-05-07
"Toyota","Prius C",2026-05-07
"Toyota","Prius V",2026-05-07
"Toyota","Sienna",2026-05-07
"Toyota","Solara",2026-05-07
"Toyota","T100",2026-05-07
"Toyota","Tacoma",2026-05-07
"Toyota","Tercel",2026-05-07
"Toyota","Van",2026-05-07
"Toyota","Venza",2026-05-07
"Triumph","TR7",2026-05-07
"Triumph","TR8",2026-05-07
"Volkswagen","Atlas",2026-05-07
"Volkswagen","Cabrio",2026-05-07
"Volkswagen","Cabriolet",2026-05-07
"Volkswagen","Corrado",2026-05-07
"Volkswagen","Dasher",2026-05-07
"Volkswagen","Eurovan",2026-05-07
"Volkswagen","GLI",2026-05-07
"Volkswagen","Golf R",2026-05-07
"Volkswagen","GTI",2026-05-07
"Volkswagen","Rabbit",2026-05-07
"Volkswagen","Pickup",2026-05-07
"Volkswagen","Quantum",2026-05-07
"Volkswagen","R32",2026-05-07
"Volkswagen","Routan",2026-05-07
"Volkswagen","Taos",2026-05-07
"Volkswagen","Vanagon",2026-05-07
"Volvo","260",2026-05-07
"Volvo","740",2026-05-07
"Volvo","760",2026-05-07
"Volvo","780",2026-05-07
"Volvo","940",2026-05-07
"Volvo","960",2026-05-07
"Yugo","GV",2026-05-07
"Yugo","GVC",2026-05-07
"Yugo","GVL",2026-05-07
"Yugo","GVS",2026-05-07
"Yugo","GVX",2026-05-07
"Toyota","RAV4 Prime",2026-05-07
"Toyota","GR86",2026-05-07
"Toyota","C-HR",2026-05-07
"Honda","Clarity",2026-05-07
"Honda","Prologue",2026-05-07
"BMW","X2",2026-05-07
"BMW","X7",2026-05-07
"BMW","XM",2026-05-07
"BMW","i4",2026-05-07
"BMW","i7",2026-05-07
"BMW","iX",2026-05-07
"BMW","ix3",2026-05-07
"BMW","2 Series",2026-05-07
"BMW","4 Series",2026-05-07
"BMW","6 Series",2026-05-07
"Mercedes-Benz","GLB",2026-05-07
"Mercedes-Benz","GLS",2026-05-07
"Mercedes-Benz","EQS",2026-05-07
"Mercedes-Benz","EQE",2026-05-07
"Mercedes-Benz","EQC",2026-05-07
"Audi","Q8",2026-05-07
"Audi","e-tron",2026-05-07
"Audi","e-tron GT",2026-05-07
"Audi","Q4 e-tron",2026-05-07
"Audi","RS3",2026-05-07
"Audi","RS6",2026-05-07
"Hyundai","Palisade",2026-05-07
"Hyundai","Santa Cruz",2026-05-07
"Hyundai","Kona",2026-05-07
"Hyundai","Nexo",2026-05-07
"Hyundai","Ioniq 5",2026-05-07
"Hyundai","Ioniq 6",2026-05-07
"Kia","Telluride",2026-05-07
"Kia","Seltos",2026-05-07
"Kia","EV6",2026-05-07
"Kia","EV9",2026-05-07
"Kia","Stinger",2026-05-07
"Ford","Mustang Mach-E",2026-05-07
"Chevrolet","Bolt EV",2026-05-07
"Chevrolet","Bolt EUV",2026-05-07
"Chevrolet","Silverado EV",2026-05-07
"Nissan","Ariya",2026-05-07
"Mazda","CX-50",2026-05-07
"Mazda","MX-30",2026-05-07
"Subaru","Ascent",2026-05-07
"Subaru","Crosstrek",2026-05-07
"Subaru","WRX",2026-05-07
"Volkswagen","ID.4",2026-05-07
"Volkswagen","ID.Buzz",2026-05-07
"Lexus","UX",2026-05-07
"Lexus","ES",2026-05-07
"Infiniti","QX50",2026-05-07
"Infiniti","QX55",2026-05-07
"Infiniti","QX60",2026-05-07
"Infiniti","QX80",2026-05-07
"Acura","CDX",2026-05-07
"Genesis","G70",2026-05-07
"Genesis","G80",2026-05-07
"Genesis","G90",2026-05-07
"Genesis","GV70",2026-05-07
"Genesis","GV80",2026-05-07
"Volvo","XC40",2026-05-07
"Jaguar","E-Pace",2026-05-07
"Jaguar","I-Pace",2026-05-07